{"cameraMode":{"drawMode":0,"name":"Shaded","section":"Shading Mode"},"sceneLighting":true,"audioPlay":false,"sceneViewState":{"showFog":true,"showMaterialUpdate":false,"showSkybox":true,"showFlares":true,"showImageEffects":true,"showParticleSystems":true,"showVisualEffectGraphs":true,"m_FxEnabled":true},"in2DMode":false,"pivot":{"x":1.3052754402160645,"y":2.5412678718566896,"z":0.020232677459716798},"rotation":{"x":-0.21374686062335969,"y":-0.3518948256969452,"z":0.08288097381591797,"w":-0.9075313210487366},"size":6.561796188354492,"orthographic":false}